<?xml version="1.0" encoding="UTF-8"?>
<container xmlns="http://symfony.com/schema/dic/services" xmlns:xsi="http://www.w3.org/2001/XMLSchema-instance" xsi:schemaLocation="http://symfony.com/schema/dic/services http://symfony.com/schema/dic/services/services-1.0.xsd">
    <parameters>
        <parameter key="sonata.delivery.selector.class">Sonata\Component\Delivery\Selector</parameter>
        <parameter key="sonata.delivery.pool.class">Sonata\Component\Delivery\Pool</parameter>
    </parameters>
    <services>
        <service id="sonata.delivery.pool" class="%sonata.delivery.pool.class%"/>
        <service id="sonata.delivery.selector.default" class="%sonata.delivery.selector.class%">
            <argument type="service" id="sonata.delivery.pool"/>
            <argument type="service" id="sonata.product.pool"/>
            <call method="setLogger">
                <argument type="service" id="logger"/>
            </call>
        </service>
        <service id="sonata.delivery.method.free_address_required" class="Sonata\Component\Delivery\FreeDelivery">
            <tag name="sonata.delivery.method"/>
            <argument>true</argument>
        </service>
        <service id="sonata.delivery.method.free_address_not_required" class="Sonata\Component\Delivery\FreeDelivery">
            <tag name="sonata.delivery.method"/>
            <argument>false</argument>
        </service>
    </services>
</container>
