<?xml version="1.0" encoding="UTF-8"?>
<container xmlns="http://symfony.com/schema/dic/services" xmlns:xsi="http://www.w3.org/2001/XMLSchema-instance" xsi:schemaLocation="http://symfony.com/schema/dic/services http://symfony.com/schema/dic/services/services-1.0.xsd">
    <services>
        <service id="sonata.order.block.recent_orders" class="Sonata\OrderBundle\Block\RecentOrdersBlockService">
            <tag name="sonata.block"/>
            <argument>sonata.order.block.recent_orders</argument>
            <argument type="service" id="templating"/>
            <argument type="service" id="sonata.order.manager"/>
            <argument type="service" id="sonata.customer.manager"/>
            <argument type="service" id="security.context"/>
            <argument type="service" id="sonata.admin.pool" on-invalid="ignore"/>
        </service>
    </services>
</container>
