<?xml version="1.0" encoding="UTF-8"?>
<container xmlns="http://symfony.com/schema/dic/services" xmlns:xsi="http://www.w3.org/2001/XMLSchema-instance" xsi:schemaLocation="http://symfony.com/schema/dic/services http://symfony.com/schema/dic/services/services-1.0.xsd">
    <parameters>
        <parameter key="sonata.order.order.manager.class">Sonata\OrderBundle\Entity\OrderManager</parameter>
        <parameter key="sonata.order.order_element.manager.class">Sonata\OrderBundle\Entity\OrderElementManager</parameter>
    </parameters>
    <services>
        <service id="sonata.order.manager" class="%sonata.order.order.manager.class%">
            <argument>%sonata.order.order.class%</argument>
            <argument type="service" id="doctrine"/>
        </service>
        <service id="sonata.order.order_element.manager" class="%sonata.order.order_element.manager.class%">
            <argument>%sonata.order.order_element.class%</argument>
            <argument type="service" id="doctrine"/>
        </service>
    </services>
</container>
