<?xml version="1.0" encoding="UTF-8"?>
<container xmlns="http://symfony.com/schema/dic/services" xmlns:xsi="http://www.w3.org/2001/XMLSchema-instance" xsi:schemaLocation="http://symfony.com/schema/dic/services http://symfony.com/schema/dic/services/services-1.0.xsd">
    <parameters>
        <parameter key="sonata.order.block.breadcrumb_order.class">Sonata\OrderBundle\Block\Breadcrumb\UserOrderBreadcrumbBlockService</parameter>
    </parameters>
    <services>
        <service id="sonata.order.block.breadcrumb_order" class="%sonata.order.block.breadcrumb_order.class%">
            <tag name="sonata.block"/>
            <tag name="sonata.breadcrumb"/>
            <argument>user_order</argument>
            <argument>sonata.order.block.breadcrumb_order</argument>
            <argument type="service" id="templating"/>
            <argument type="service" id="knp_menu.menu_provider"/>
            <argument type="service" id="knp_menu.factory"/>
        </service>
    </services>
</container>
