<?xml version="1.0" encoding="UTF-8"?>
<container xmlns="http://symfony.com/schema/dic/services" xmlns:xsi="http://www.w3.org/2001/XMLSchema-instance" xsi:schemaLocation="http://symfony.com/schema/dic/services http://symfony.com/schema/dic/services/services-1.0.xsd">
    <services>
        <service id="sonata.product.controller.api.product" class="Sonata\ProductBundle\Controller\Api\ProductController">
            <argument type="service" id="sonata.product.set.manager"/>
            <argument type="service" id="sonata.product.pool"/>
            <argument type="service" id="form.factory"/>
            <argument type="service" id="sonata.formatter.pool"/>
        </service>
    </services>
</container>
