<?xml version="1.0" encoding="UTF-8"?>
<container xmlns="http://symfony.com/schema/dic/services" xmlns:xsi="http://www.w3.org/2001/XMLSchema-instance" xsi:schemaLocation="http://symfony.com/schema/dic/services http://symfony.com/schema/dic/services/services-1.0.xsd">
    <services>
        <service id="sonata.product.block.breadcrumb" class="Sonata\ProductBundle\Block\CatalogBreadcrumbBlockService">
            <tag name="sonata.block"/>
            <tag name="sonata.breadcrumb"/>
            <argument>catalog</argument>
            <argument>sonata.product.block.breadcrumb</argument>
            <argument type="service" id="templating"/>
            <argument type="service" id="knp_menu.menu_provider"/>
            <argument type="service" id="knp_menu.factory"/>
        </service>
        <service id="sonata.product.block.recent_products" class="Sonata\ProductBundle\Block\RecentProductsBlockService">
            <tag name="sonata.block"/>
            <argument>sonata.product.block.recent_products</argument>
            <argument type="service" id="templating"/>
            <argument type="service" id="doctrine"/>
            <argument type="service" id="sonata.price.currency.detector"/>
            <argument>%sonata.product.admin.product.entity%</argument>
        </service>
        <service id="sonata.product.block.similar_products" class="Sonata\ProductBundle\Block\SimilarProductsBlockService">
            <tag name="sonata.block"/>
            <argument>sonata.product.block.similar_products</argument>
            <argument type="service" id="templating"/>
            <argument type="service" id="doctrine"/>
            <argument type="service" id="sonata.price.currency.detector"/>
            <argument type="service" id="sonata.product.finder"/>
            <argument>%sonata.product.admin.product.entity%</argument>
        </service>
        <service id="sonata.product.block.categories_menu" class="Sonata\ProductBundle\Block\CategoriesMenuBlockService">
            <tag name="sonata.block"/>
            <argument>sonata.product.block.categories_menu</argument>
            <argument type="service" id="templating"/>
            <argument type="service" id="knp_menu.menu_provider"/>
            <argument type="service" id="sonata.product.menu.product_menu_builder"/>
        </service>
        <service id="sonata.product.block.filters_menu" class="Sonata\ProductBundle\Block\FiltersMenuBlockService">
            <tag name="sonata.block"/>
            <argument>sonata.product.block.product_menu</argument>
            <argument type="service" id="templating"/>
            <argument type="service" id="knp_menu.menu_provider"/>
            <argument type="service" id="sonata.product.menu.product_menu_builder"/>
        </service>
        <service id="sonata.product.block.variations_form" class="Sonata\ProductBundle\Block\VariationsFormBlockService">
            <tag name="sonata.block"/>
            <argument>sonata.product.block.variations_form</argument>
            <argument type="service" id="templating"/>
            <argument type="service" id="sonata.product.pool"/>
            <argument type="service" id="form.factory"/>
        </service>
    </services>
</container>
