<?xml version="1.0" encoding="UTF-8"?>
<container xmlns="http://symfony.com/schema/dic/services" xmlns:xsi="http://www.w3.org/2001/XMLSchema-instance" xsi:schemaLocation="http://symfony.com/schema/dic/services http://symfony.com/schema/dic/services/services-1.0.xsd">
    <services>
        <!-- Basket type -->
        <service id="sonata.basket.api.form.type.basket.parent" class="Sonata\BasketBundle\Form\ApiBasketParentType">
            <tag name="form.type" alias="sonata_basket_api_form_basket_parent"/>
            <argument type="service" id="jms_serializer.metadata_factory"/>
            <argument type="service" id="doctrine"/>
            <argument>sonata_basket_api_form_basket_parent</argument>
            <argument>%sonata.basket.basket.class%</argument>
            <argument>sonata_api_write</argument>
        </service>
        <service id="sonata.basket.api.form.type.basket" class="Sonata\BasketBundle\Form\ApiBasketType">
            <tag name="form.type" alias="sonata_basket_api_form_basket"/>
            <argument>%sonata.basket.basket.class%</argument>
            <argument type="service" id="sonata.price.currency.form_type"/>
        </service>
        <!-- Basket element type -->
        <service id="sonata.basket.api.form.type.basket.element.parent" class="Sonata\BasketBundle\Form\ApiBasketElementParentType">
            <tag name="form.type" alias="sonata_basket_api_form_basket_element_parent"/>
            <argument type="service" id="jms_serializer.metadata_factory"/>
            <argument type="service" id="doctrine"/>
            <argument>sonata_basket_api_form_basket_element_parent</argument>
            <argument>%sonata.basket.basket_element.class%</argument>
            <argument>sonata_api_write</argument>
        </service>
        <service id="sonata.basket.api.form.type.basket_element" class="Sonata\BasketBundle\Form\ApiBasketElementType">
            <tag name="form.type" alias="sonata_basket_api_form_basket_element"/>
            <argument>%sonata.basket.basket_element.class%</argument>
        </service>
    </services>
</container>
