<?xml version="1.0" encoding="UTF-8"?>
<container xmlns="http://symfony.com/schema/dic/services" xmlns:xsi="http://www.w3.org/2001/XMLSchema-instance" xsi:schemaLocation="http://symfony.com/schema/dic/services http://symfony.com/schema/dic/services/services-1.0.xsd">
    <services>
        <service id="sonata.basket.controller.api.basket" class="Sonata\BasketBundle\Controller\Api\BasketController">
            <argument type="service" id="sonata.basket.manager"/>
            <argument type="service" id="sonata.basket_element.manager"/>
            <argument type="service" id="sonata.product.set.manager"/>
            <argument type="service" id="sonata.basket.builder.standard"/>
            <argument type="service" id="form.factory"/>
        </service>
    </services>
</container>
