<?xml version="1.0" encoding="UTF-8"?>
<container xmlns="http://symfony.com/schema/dic/services" xmlns:xsi="http://www.w3.org/2001/XMLSchema-instance" xsi:schemaLocation="http://symfony.com/schema/dic/services http://symfony.com/schema/dic/services/services-1.0.xsd">
    <services>
        <service id="sonata.basket.form.type.basket" class="Sonata\BasketBundle\Form\BasketType">
            <tag name="form.type" alias="sonata_basket_basket"/>
        </service>
        <service id="sonata.basket.form.type.address" class="Sonata\BasketBundle\Form\AddressType">
            <tag name="form.type" alias="sonata_basket_address"/>
            <argument>%sonata.customer.address.class%</argument>
            <argument type="service" id="sonata.basket"/>
        </service>
        <service id="sonata.basket.form.type.shipping" class="Sonata\BasketBundle\Form\ShippingType">
            <tag name="form.type" alias="sonata_basket_shipping"/>
            <argument type="service" id="sonata.delivery.pool"/>
            <argument type="service" id="sonata.delivery.selector"/>
        </service>
        <service id="sonata.basket.form.type.payment" class="Sonata\BasketBundle\Form\PaymentType">
            <tag name="form.type" alias="sonata_basket_payment"/>
            <argument type="service" id="sonata.address.manager"/>
            <argument type="service" id="sonata.payment.pool"/>
            <argument type="service" id="sonata.payment.selector"/>
        </service>
    </services>
</container>
