<?xml version="1.0" encoding="UTF-8"?>
<doctrine-mapping xmlns="http://doctrine-project.org/schemas/orm/doctrine-mapping" xmlns:xsi="http://www.w3.org/2001/XMLSchema-instance" xsi:schemaLocation="http://doctrine-project.org/schemas/orm/doctrine-mapping                   http://doctrine-project.org/schemas/orm/doctrine-mapping.xsd">
    <mapped-superclass name="Sonata\BasketBundle\Entity\BaseBasket">
        <field name="positions" column="positions" type="json" nullable="true"/>
        <field name="deliveryAddressId" column="delivery_address_id" type="integer" nullable="true"/>
        <field name="billingAddressId" column="billing_address_id" type="integer" nullable="true"/>
        <field name="paymentMethodCode" column="payment_method_code" type="string" nullable="true" length="255"/>
        <field name="cptElement" column="cpt_element" type="integer" nullable="true"/>
        <field name="deliveryMethodCode" column="delivery_method_code" type="string" nullable="true" length="255"/>
        <field name="options" column="options" type="json" nullable="true"/>
        <field name="locale" column="locale" type="string" nullable="true" length="6"/>
        <field name="currency" column="currency" type="currency" nullable="true"/>
    </mapped-superclass>
</doctrine-mapping>
