<?xml version="1.0" encoding="UTF-8"?>
<container xmlns="http://symfony.com/schema/dic/services" xmlns:xsi="http://www.w3.org/2001/XMLSchema-instance" xsi:schemaLocation="http://symfony.com/schema/dic/services http://symfony.com/schema/dic/services/services-1.0.xsd">
    <services>
        <service id="sonata.payment.form.transaction_status" class="Sonata\PaymentBundle\Form\Type\PaymentTransactionStatusType">
            <argument>%sonata.payment.transaction.class%</argument>
            <argument>getStatusList</argument>
            <argument>sonata_payment_transaction_status</argument>
            <tag name="form.type" alias="sonata_payment_transaction_status"/>
        </service>
    </services>
</container>
