<?xml version="1.0" encoding="UTF-8"?>
<container xmlns="http://symfony.com/schema/dic/services" xmlns:xsi="http://www.w3.org/2001/XMLSchema-instance" xsi:schemaLocation="http://symfony.com/schema/dic/services http://symfony.com/schema/dic/services/services-1.0.xsd">
    <parameters>
        <parameter key="sonata.payment.generator.mysql.class">Sonata\Component\Generator\MysqlReference</parameter>
    </parameters>
    <services>
        <service id="sonata.payment.generator.mysql" class="%sonata.payment.generator.mysql.class%">
            <argument type="service" id="doctrine"/>
        </service>
    </services>
</container>
