<?xml version="1.0" encoding="UTF-8"?>
<routes xmlns="http://symfony.com/schema/routing" xmlns:xsi="http://www.w3.org/2001/XMLSchema-instance" xsi:schemaLocation="http://symfony.com/schema/routing http://symfony.com/schema/routing/routing-1.0.xsd">
    <route id="sonata_invoice_index" path="/">
        <default key="_controller">SonataInvoiceBundle:Invoice:index</default>
    </route>
    <route id="sonata_invoice_view" path="/{reference}">
        <default key="_controller">SonataInvoiceBundle:Invoice:view</default>
    </route>
    <route id="sonata_invoice_download" path="/{reference}/download">
        <default key="_controller">SonataInvoiceBundle:Invoice:download</default>
    </route>
</routes>
