<?xml version="1.0" encoding="UTF-8"?>
<serializer>
    <class name="Sonata\ProductBundle\Entity\BaseProduct" exclusion-policy="all" xml-root-name="product">
        <property name="sku" type="string" expose="true" since-version="1.0" groups="sonata_api_read,sonata_api_write,sonata_search"/>
        <property name="slug" type="string" expose="true" since-version="1.0" groups="sonata_api_read,sonata_api_write,sonata_search"/>
        <property name="name" type="string" expose="true" since-version="1.0" groups="sonata_api_read,sonata_api_write,sonata_search"/>
        <property name="enabled" type="boolean" expose="true" since-version="1.0" groups="sonata_api_read,sonata_api_write"/>
        <property name="description" type="string" expose="true" since-version="1.0" groups="sonata_api_read,sonata_search"/>
        <property name="shortDescription" type="string" expose="true" since-version="1.0" groups="sonata_api_read,sonata_search"/>
        <property name="rawDescription" type="string" expose="true" since-version="1.0" groups="sonata_api_write"/>
        <property name="descriptionFormatter" type="string" expose="true" since-version="1.0" groups="sonata_api_write"/>
        <property name="rawShortDescription" type="string" expose="true" since-version="1.0" groups="sonata_api_write"/>
        <property name="shortDescriptionFormatter" type="string" expose="true" since-version="1.0" groups="sonata_api_write"/>
        <property name="priceIncludingVat" type="boolean" expose="true" since-version="1.0" groups="sonata_api_read,sonata_api_write,sonata_search"/>
        <property name="price" type="double" expose="true" since-version="1.0" groups="sonata_api_read,sonata_api_write,sonata_search"/>
        <property name="vatRate" type="double" expose="true" since-version="1.0" groups="sonata_api_read,sonata_api_write,sonata_search"/>
        <property name="stock" type="integer" expose="true" since-version="1.0" groups="sonata_api_read,sonata_api_write,sonata_search"/>
        <property name="parent" serialized-name="parent_id" type="sonata_product_product_id" expose="true" since-version="1.0" groups="sonata_api_read,sonata_api_write,sonata_search"/>
        <property name="image" serialized-name="media_id" type="sonata_media_media_id" expose="true" since-version="1.0" groups="sonata_api_read,sonata_api_write,sonata_search"/>
        <property name="gallery" serialized-name="gallery_id" type="sonata_media_gallery_id" expose="true" since-version="1.0" groups="sonata_api_read,sonata_api_write,sonata_search"/>
        <property name="createdAt" type="DateTime" expose="true" since-version="1.0" groups="sonata_api_read,sonata_search"/>
        <property name="updatedAt" type="DateTime" expose="true" since-version="1.0" groups="sonata_api_read,sonata_search"/>
    </class>
</serializer>
