<?xml version="1.0" encoding="UTF-8"?>
<doctrine-mapping xmlns="http://doctrine-project.org/schemas/orm/doctrine-mapping" xsi="http://www.w3.org/2001/XMLSchema-instance" schemaLocation="http://doctrine-project.org/schemas/orm/doctrine-mapping http://doctrine-project.org/schemas/orm/doctrine-mapping.xsd">
    <mapped-superclass name="Sonata\InvoiceBundle\Entity\BaseInvoiceElement">
        <field name="quantity" type="integer" column="quantity"/>
        <field name="unitPriceExcl" type="decimal" column="unit_price_excl" scale="4"/>
        <field name="unitPriceInc" type="decimal" column="unit_price_inc" scale="4"/>
        <field name="price" type="decimal" column="price" scale="4"/>
        <field name="vatRate" type="decimal" column="vat_rate" scale="4"/>
        <field name="total" type="decimal" column="total" scale="4"/>
        <field name="designation" type="string" column="designation" length="255"/>
        <field name="description" type="text" column="description"/>
    </mapped-superclass>
</doctrine-mapping>
