<?xml version="1.0" encoding="UTF-8"?>
<container xmlns="http://symfony.com/schema/dic/services" xmlns:xsi="http://www.w3.org/2001/XMLSchema-instance" xsi:schemaLocation="http://symfony.com/schema/dic/services http://symfony.com/schema/dic/services/services-1.0.xsd">
    <parameters>
        <!-- CUSTOMER -->
        <parameter key="sonata.customer.admin.customer.class">Sonata\CustomerBundle\Admin\CustomerAdmin</parameter>
        <parameter key="sonata.customer.admin.customer.controller">SonataAdminBundle:CRUD</parameter>
        <!-- ADDRESS -->
        <parameter key="sonata.customer.admin.address.class">Sonata\CustomerBundle\Admin\AddressAdmin</parameter>
        <parameter key="sonata.customer.admin.address.controller">SonataAdminBundle:CRUD</parameter>
    </parameters>
    <services>
        <service id="sonata.customer.admin.customer" class="%sonata.customer.admin.customer.class%">
            <tag name="sonata.admin" manager_type="orm" group="sonata_ecommerce" label="customer" label_translator_strategy="sonata.admin.label.strategy.underscore"/>
            <argument/>
            <argument>%sonata.customer.admin.customer.entity%</argument>
            <argument>%sonata.customer.admin.customer.controller%</argument>
            <call method="addChild">
                <argument type="service" id="sonata.customer.admin.address"/>
            </call>
            <call method="addChild">
                <argument type="service" id="sonata.order.admin.order"/>
            </call>
        </service>
        <service id="sonata.customer.admin.address" class="%sonata.customer.admin.address.class%">
            <tag name="sonata.admin" manager_type="orm" show_in_dashboard="false" group="sonata_ecommerce" label="address" label_translator_strategy="sonata.admin.label.strategy.underscore"/>
            <argument/>
            <argument>%sonata.customer.admin.address.entity%</argument>
            <argument>%sonata.customer.admin.address.controller%</argument>
        </service>
    </services>
</container>
