<?xml version="1.0" encoding="UTF-8"?>
<container xmlns="http://symfony.com/schema/dic/services" xmlns:xsi="http://www.w3.org/2001/XMLSchema-instance" xsi:schemaLocation="http://symfony.com/schema/dic/services http://symfony.com/schema/dic/services/services-1.0.xsd">
    <services>
        <service id="sonata.customer.api.form.type.customer" class="Sonata\CustomerBundle\Form\Type\ApiCustomerType">
            <tag name="form.type" alias="sonata_customer_api_form_customer"/>
            <argument type="service" id="jms_serializer.metadata_factory"/>
            <argument type="service" id="doctrine"/>
            <argument>sonata_customer_api_form_customer</argument>
            <argument>%sonata.customer.admin.customer.entity%</argument>
            <argument>sonata_api_write</argument>
        </service>
        <service id="sonata.customer.api.form.type.address" class="Sonata\CustomerBundle\Form\Type\ApiAddressType">
            <tag name="form.type" alias="sonata_customer_api_form_address"/>
            <argument type="service" id="jms_serializer.metadata_factory"/>
            <argument type="service" id="doctrine"/>
            <argument>sonata_customer_api_form_address</argument>
            <argument>%sonata.customer.admin.address.entity%</argument>
            <argument>sonata_api_write</argument>
        </service>
    </services>
</container>
