<?xml version="1.0" encoding="UTF-8"?>
<container xmlns="http://symfony.com/schema/dic/services" xmlns:xsi="http://www.w3.org/2001/XMLSchema-instance" xsi:schemaLocation="http://symfony.com/schema/dic/services http://symfony.com/schema/dic/services/services-1.0.xsd">
    <parameters>
        <parameter key="sonata.address.manager.class">Sonata\CustomerBundle\Entity\AddressManager</parameter>
        <parameter key="sonata.customer.manager.class">Sonata\CustomerBundle\Entity\CustomerManager</parameter>
    </parameters>
    <services>
        <service id="sonata.address.manager" class="%sonata.address.manager.class%">
            <argument>%sonata.customer.address.class%</argument>
            <argument type="service" id="doctrine"/>
        </service>
        <service id="sonata.customer.manager" class="%sonata.customer.manager.class%">
            <argument>%sonata.customer.customer.class%</argument>
            <argument type="service" id="doctrine"/>
        </service>
    </services>
</container>
