<?xml version="1.0" encoding="UTF-8"?>
<container xmlns="http://symfony.com/schema/dic/services" xmlns:xsi="http://www.w3.org/2001/XMLSchema-instance" xsi:schemaLocation="http://symfony.com/schema/dic/services http://symfony.com/schema/dic/services/services-1.0.xsd">
    <parameters>
        <parameter key="sonata.customer.block.breadcrumb_address.class">Sonata\CustomerBundle\Block\Breadcrumb\CustomerAddressBreadcrumbBlockService</parameter>
    </parameters>
    <services>
        <service id="sonata.customer.block.breadcrumb_address" class="%sonata.customer.block.breadcrumb_address.class%">
            <tag name="sonata.block"/>
            <tag name="sonata.breadcrumb"/>
            <argument>customer_address</argument>
            <argument>sonata.customer.block.breadcrumb_address</argument>
            <argument type="service" id="templating"/>
            <argument type="service" id="knp_menu.menu_provider"/>
            <argument type="service" id="knp_menu.factory"/>
        </service>
    </services>
</container>
