<?xml version="1.0" encoding="UTF-8"?>
<doctrine-mapping xmlns="http://doctrine-project.org/schemas/orm/doctrine-mapping" xsi="http://www.w3.org/2001/XMLSchema-instance" schemaLocation="http://doctrine-project.org/schemas/orm/doctrine-mapping http://doctrine-project.org/schemas/orm/doctrine-mapping.xsd">
    <mapped-superclass name="Sonata\ProductBundle\Entity\BasePackage">
        <field name="width" type="decimal" column="width" scale="4"/>
        <field name="height" type="decimal" column="height" scale="4"/>
        <field name="length" type="decimal" column="length" scale="4"/>
        <field name="weight" type="decimal" column="weight" scale="4"/>
        <field name="enabled" type="boolean" column="enabled"/>
        <field name="updatedAt" column="updated_at" type="datetime"/>
        <field name="createdAt" column="created_at" type="datetime"/>
    </mapped-superclass>
</doctrine-mapping>
