<?xml version="1.0" encoding="UTF-8"?>
<doctrine-mapping xmlns="http://doctrine-project.org/schemas/orm/doctrine-mapping" xsi="http://www.w3.org/2001/XMLSchema-instance" schemaLocation="http://doctrine-project.org/schemas/orm/doctrine-mapping http://doctrine-project.org/schemas/orm/doctrine-mapping.xsd">
    <mapped-superclass name="Sonata\CustomerBundle\Entity\BaseCustomer">
        <field name="title" type="integer" column="title" nullable="true"/>
        <field name="firstname" type="string" column="firstname" nullable="true" length="255"/>
        <field name="lastname" type="string" column="lastname" nullable="true" length="255"/>
        <field name="email" type="string" column="email" nullable="true" length="255"/>
        <field name="birthDate" type="datetime" column="birth_date" nullable="true"/>
        <field name="birthPlace" type="string" column="birth_place" nullable="true" length="255"/>
        <field name="phoneNumber" type="string" column="phone_number" nullable="true" length="255"/>
        <field name="mobileNumber" type="string" column="mobile_number" nullable="true" length="255"/>
        <field name="faxNumber" type="string" column="fax_number" nullable="true" length="255"/>
        <field name="locale" type="string" column="locale" nullable="true" length="6"/>
        <field name="updatedAt" type="datetime" column="updated_at" nullable="true"/>
        <field name="createdAt" type="datetime" column="created_at" nullable="true"/>
        <!-- set this flag for testing only -->
        <field name="isFake" type="boolean" column="is_fake" nullable="true"/>
        <lifecycle-callbacks>
            <lifecycle-callback type="prePersist" method="prePersist"/>
            <lifecycle-callback type="preUpdate" method="preUpdate"/>
        </lifecycle-callbacks>
    </mapped-superclass>
</doctrine-mapping>
