<?xml version="1.0" encoding="UTF-8"?>
<container xmlns="http://symfony.com/schema/dic/services" xmlns:xsi="http://www.w3.org/2001/XMLSchema-instance" xsi:schemaLocation="http://symfony.com/schema/dic/services http://symfony.com/schema/dic/services/services-1.0.xsd">
    <parameters>
        <parameter key="sonata.invoice.admin.invoice.class">Sonata\InvoiceBundle\Admin\InvoiceAdmin</parameter>
    </parameters>
    <services>
        <service id="sonata.invoice.admin.invoice" class="%sonata.invoice.admin.invoice.class%">
            <tag name="sonata.admin" manager_type="orm" group="sonata_ecommerce" label="invoice" label_translator_strategy="sonata.admin.label.strategy.underscore"/>
            <argument/>
            <argument>%sonata.invoice.admin.invoice.entity%</argument>
            <argument/>
            <call method="setCurrencyDetector">
                <argument type="service" id="sonata.price.currency.detector"/>
            </call>
        </service>
    </services>
</container>
