<?xml version="1.0" encoding="UTF-8"?>
<container xmlns="http://symfony.com/schema/dic/services" xmlns:xsi="http://www.w3.org/2001/XMLSchema-instance" xsi:schemaLocation="http://symfony.com/schema/dic/services http://symfony.com/schema/dic/services/services-1.0.xsd">
    <services>
        <service id="sonata.invoice.form.status_type" class="Sonata\InvoiceBundle\Form\Type\InvoiceStatusType">
            <argument>%sonata.invoice.invoice.class%</argument>
            <argument>getStatusList</argument>
            <argument>sonata_invoice_status</argument>
            <tag name="form.type" alias="sonata_invoice_status"/>
        </service>
    </services>
</container>
