<?xml version="1.0" encoding="UTF-8"?>
<container xmlns="http://symfony.com/schema/dic/services" xmlns:xsi="http://www.w3.org/2001/XMLSchema-instance" xsi:schemaLocation="http://symfony.com/schema/dic/services http://symfony.com/schema/dic/services/services-1.0.xsd">
    <parameters>
        <parameter key="sonata.invoice.manager.class">Sonata\InvoiceBundle\Entity\InvoiceManager</parameter>
        <parameter key="sonata.invoice_element.manager.class">Sonata\InvoiceBundle\Entity\InvoiceElementManager</parameter>
    </parameters>
    <services>
        <service id="sonata.invoice.manager" class="%sonata.invoice.manager.class%">
            <argument>%sonata.invoice.invoice.class%</argument>
            <argument type="service" id="doctrine"/>
        </service>
        <service id="sonata.invoice_element.manager" class="%sonata.invoice_element.manager.class%">
            <argument>%sonata.invoice.invoice_element.class%</argument>
            <argument type="service" id="doctrine"/>
        </service>
    </services>
</container>
