<?xml version="1.0" encoding="UTF-8"?>
<routes xmlns="http://symfony.com/schema/routing" xmlns:xsi="http://www.w3.org/2001/XMLSchema-instance" xsi:schemaLocation="http://symfony.com/schema/routing http://symfony.com/schema/routing/routing-1.0.xsd">
    <route id="sonata_admin_product_variations" path="/{productId}/variations">
        <default key="_controller">SonataProductBundle:ProductAdmin:edit</default>
    </route>
    <route id="sonata_admin_product_categories" path="/{productId}/categories">
        <default key="_controller">SonataProductBundle:ProductAdmin:edit</default>
    </route>
    <route id="sonata_admin_product_collections" path="/{productId}/collections">
        <default key="_controller">SonataProductBundle:ProductAdmin:edit</default>
    </route>
    <route id="sonata_admin_product_deliveries" path="/{productId}/deliveries">
        <default key="_controller">SonataProductBundle:ProductAdmin:edit</default>
    </route>
</routes>
