<?xml version="1.0" encoding="UTF-8"?>
<routes xmlns="http://symfony.com/schema/routing" xmlns:xsi="http://www.w3.org/2001/XMLSchema-instance" xsi:schemaLocation="http://symfony.com/schema/routing http://symfony.com/schema/routing/routing-1.0.xsd">
    <route id="sonata_product_price_stock" path="/{productId}/info">
        <default key="_controller">SonataProductBundle:Product:getPriceStockForQuantity</default>
    </route>
    <route id="sonata_product_view" path="/{slug}/{productId}">
        <default key="_controller">SonataProductBundle:Product:view</default>
    </route>
    <route id="sonata_product_view_variations" path="/{slug}/{productId}/variations">
        <default key="_controller">SonataProductBundle:Product:viewVariations</default>
    </route>
    <route id="sonata_product_variation_product" path="/{slug}/{productId}/variation">
        <default key="_controller">SonataProductBundle:Product:variationToProduct</default>
    </route>
</routes>
